{"_step":20,"train_accuracy":99.695,"test_accuracy":97.67,"_wandb":{"runtime":230},"epoch":19,"train_loss":0.004031892901045568,"_timestamp":1.7279506644767919e+09,"_runtime":230.3659705}