{"_wandb":{"runtime":246},"train_loss":0.00352465776119869,"_timestamp":1.727881449122261e+09,"_runtime":246.983563,"_step":20,"epoch":19,"train_accuracy":99.81,"test_accuracy":97.86}